{
  "_generated": "Generated by SweetTooth, do not edit", 
  "description": "A very simple extension to hide the panel clock. This functions best by hiding the clock in the center, and *might* or *might not* work with the Windows List or Move Clock. (credit Obsidien, for his help & switch code)", 
  "name": "Hide Clock aka dateMenu", 
  "original-author": "l300lvl", 
  "shell-version": [
    "3.2", 
    "3.2.0", 
    "3.2.1", 
    "3.4",
    "3.6"
  ], 
  "url": "https://github.com/l300lvl/Hide-Clock-Extension", 
  "uuid": "Hide_Clock@l300lvl.co.nr", 
  "version": 7
}
